movieId,avg_rating,vote_count,title,score
356,4.164133738601824,329,Forrest Gump,1077.032111156862
318,4.429022082018927,317,"Shawshank Redemption, The",1038.1217099579198
296,4.197068403908795,307,Pulp Fiction,1005.2785307560222
593,4.161290322580645,279,"Silence of the Lambs, The",913.8800727761883
2571,4.192446043165468,278,"Matrix, The",910.6453097761196
260,4.231075697211155,251,Star Wars: Episode IV - A New Hope,822.5713078182666
480,3.75,238,Jurassic Park,779.7136496922187
110,4.031645569620253,237,Braveheart,776.7030865173152
589,3.970982142857143,224,Terminator 2: Judgment Day,734.2221542672347
527,4.225,220,Schindler's List,721.3936601470971
2959,4.272935779816514,218,Fight Club,714.9086294118471
1,3.9209302325581397,215,Toy Story,704.8041891846412
1196,4.2156398104265405,211,Star Wars: Episode V - The Empire Strikes Back,692.0102857545651
50,4.237745098039215,204,"Usual Suspects, The",669.1816172400673
2858,4.056372549019608,204,American Beauty,669.0214440798942
47,3.9753694581280787,203,Seven,665.6859318213973
780,3.4455445544554455,202,Independence Day,661.9545806508471
150,3.845771144278607,201,Apollo 13,659.0436733895766
1198,4.2075,200,Raiders of the Lost Ark,656.0984141421136
4993,4.106060606060606,198,"Lord of the Rings: The Fellowship of the Ring, The",649.4807853604576
1210,4.137755102040816,196,Star Wars: Episode VI - Return of the Jedi,642.980309670733
858,4.2890625,192,"Godfather, The",630.0559850292079
457,3.9921052631578946,190,"Fugitive, The",623.2671891048348
592,3.4285714285714284,189,Batman,619.5098405713458
2028,4.1462765957446805,188,Saving Private Ryan,616.8734651382747
5952,4.0212765957446805,188,"Lord of the Rings: The Two Towers, The",616.7641628126933
7153,4.118918918918919,185,"Lord of the Rings: The Return of the King, The",607.056352880308
588,3.7923497267759565,183,Aladdin,600.2428615055887
608,4.116022099447513,181,Fargo,593.995916713218
2762,3.893854748603352,179,"Sixth Sense, The",587.2737674327786
380,3.497191011235955,178,True Lies,583.6649008245814
32,3.983050847457627,177,Twelve Monkeys,580.8222409832492
364,3.941860465116279,172,"Lion King, The",564.4636096640883
1270,4.038011695906433,171,Back to the Future,561.2819913971629
377,3.5292397660818713,171,Speed,560.8425974577689
3578,3.9382352941176473,170,Gladiator,557.9311379887296
4306,3.8676470588235294,170,Shrek,557.8702242831458
1580,3.487878787878788,165,Men in Black,541.2202725226035
590,3.8353658536585367,164,Dances with Wolves,538.2541135781279
648,3.537037037037037,162,Mission: Impossible,531.4687522357567
344,3.040372670807453,161,Ace Ventura: Pet Detective,527.7787727798462
4226,4.122641509433962,159,Memento,522.1753292671383
367,3.1847133757961785,157,"Mask, The",514.8446133662594
58559,4.238255033557047,149,"Dark Knight, The",489.6196356163712
6539,3.778523489932886,149,Pirates of the Caribbean: The Curse of the Black Pearl,489.23043107091667
1214,3.969178082191781,146,Alien,479.59540793195254
595,3.7705479452054793,146,Beauty and the Beast,479.42777787414906
1036,3.8620689655172415,145,Die Hard,476.2395540743621
165,3.5555555555555554,144,Die Hard: With a Vengeance,472.7159353392376
500,3.388888888888889,144,Mrs. Doubtfire,472.5755844620446
79132,4.066433566433567,143,Inception,469.88041469932824
1265,3.944055944055944,143,Groundhog Day,469.77747352285763
1197,4.232394366197183,142,"Princess Bride, The",466.7540826533658
1704,4.078014184397163,141,Good Will Hunting,463.3585318548135
6377,3.9609929078014185,141,Finding Nemo,463.26031756909924
1291,4.046428571428572,140,Indiana Jones and the Last Crusade,460.06617154763694
1721,3.414285714285714,140,Titanic,459.53623142787643
316,3.375,140,Stargate,459.5032972961399
2628,3.107142857142857,140,Star Wars: Episode I - The Phantom Menace,459.27874639793635
153,2.9160583941605838,137,Batman Forever,449.32406110327133
1136,4.161764705882353,136,Monty Python and the Holy Grail,447.0985213031322
597,3.4851851851851854,135,Pretty Woman,443.2684928243299
1193,4.203007518796992,133,One Flew Over the Cuckoo's Nest,437.3340081798359
293,4.018796992481203,133,LÃ©on: The Professional,437.1808831798359
3793,3.699248120300752,133,X-Men,436.9152581798359
231,3.0601503759398496,133,Dumb & Dumber,436.3840081798359
4886,3.871212121212121,132,"Monsters, Inc.",433.7921378294035
10,3.496212121212121,132,GoldenEye,433.4808170746865
1089,4.202290076335878,131,Reservoir Dogs,430.80052173818615
7361,4.1603053435114505,131,Eternal Sunshine of the Spotless Mind,430.7657116116039
6874,3.9618320610687023,131,Kill Bill: Vol. 1,430.6011546495786
1240,3.8969465648854964,131,"Terminator, The",430.54735718122413
1221,4.25968992248062,129,"Godfather: Part II, The",424.3148667635926
2329,4.217054263565892,129,American History X,424.2796103533362
34,3.65234375,128,Babe,420.5466030699949
1213,4.25,126,Goodfellas,414.5065603808972
1200,3.9642857142857144,126,Aliens,414.27126626325014
8961,3.836,125,"Incredibles, The",410.8992088156353
1682,3.812,125,"Truman Show, The",410.87947197353003
541,4.100806451612903,124,Blade Runner,407.85019639293176
4995,4.0,123,"Beautiful Mind, A",404.5006898956377
736,3.321138211382114,123,Twister,403.9440232289711
1097,3.7663934426229506,122,E.T. the Extra-Terrestrial,401.0426256846676
5349,3.540983606557377,122,Spider-Man,400.8580619262783
733,3.6404958677685952,121,"Rock, The",397.6731275901495
2683,3.1983471074380163,121,Austin Powers: The Spy Who Shagged Me,397.31164110366296
4973,4.183333333333334,120,Amelie,394.84978539677286
1206,3.995833333333333,120,"Clockwork Orange, A",394.69672417228304
2716,3.775,120,Ghostbusters,394.5164520634395
5445,3.6375,120,Minority Report,394.40420716548033
1073,3.8739495798319328,119,Willy Wonka & the Chocolate Factory,391.33039682853376
4963,3.8445378151260505,119,Ocean's Eleven,391.30642422579405
33794,3.8620689655172415,116,Batman Begins,381.5198592295662
1527,3.7456896551724137,116,"Fifth Element, The",381.4254536351606
586,2.9956896551724137,116,Home Alone,380.81706202676895
5989,3.9217391304347826,115,Catch Me If You Can,378.30109160630735
587,3.4347826086956523,115,Ghost,377.90672540912425
208,2.9130434782608696,115,Waterworld,377.48419019785666
1968,3.7787610619469025,113,"Breakfast Club, The",371.6511216114396
5418,3.8169642857142856,112,"Bourne Identity, The",368.41470435136506
185,3.0401785714285716,112,"Net, The",367.7888050707895
3147,4.148648648648648,111,"Green Mile, The",365.41416447633907
7438,3.868181818181818,110,Kill Bill: Vol. 2,361.9210905422385
3996,3.8363636363636364,110,"Crouching Tiger, Hidden Dragon",361.89554309698303
349,3.6045454545454545,110,Clear and Present Danger,361.7094117101217
2,3.4318181818181817,110,Jumanji,361.5707255787348
1258,4.08256880733945,109,"Shining, The",358.82535312128965
4878,3.981651376146789,109,Donnie Darko,358.7444707683485
924,3.8944954128440368,109,2001: A Space Odyssey,358.674617827172
2918,3.8394495412844036,109,Ferris Bueller's Day Off,358.6305001801132
253,3.458715596330275,109,Interview with the Vampire: The Vampire Chronicles,358.32535312128965
2115,3.638888888888889,108,Indiana Jones and the Temple of Doom,355.2024485804516
329,3.3935185185185186,108,Star Trek: Generations,355.0061522841553
48516,4.252336448598131,107,"Departed, The",352.4249030289804
1208,4.219626168224299,107,Apocalypse Now,352.3987836259953
4896,3.7616822429906542,107,Harry Potter and the Sorcerer's Stone,352.03311198420425
1732,3.9245283018867925,106,"Big Lebowski, The",348.895243361373
539,3.4716981132075473,106,Sleepless in Seattle,348.53434110573386
68954,4.004761904761905,105,Up,345.69107304468713
1923,3.676190476190476,105,There's Something About Mary,345.4297094083235
111,4.105769230769231,104,Taxi Driver,342.50305214039395
60069,4.0576923076923075,104,WALLÂ·E,342.46488420146267
223,3.855769230769231,104,Clerks,342.3045788579512
39,3.293269230769231,104,Clueless,341.858013972455
161,3.6359223300970873,103,Crimson Tide,338.8623225580106
357,3.5194174757281553,103,Four Weddings and a Funeral,338.77001486570293
2706,3.378640776699029,103,American Pie,338.65847640416445
1222,4.098039215686274,102,Full Metal Jacket,335.9599065763409
778,4.03921568627451,102,Trainspotting,335.91339494843396
6,3.946078431372549,102,Heat,335.8397515375812
5816,3.5980392156862746,102,Harry Potter and the Chamber of Secrets,335.5645577391316
454,3.5346534653465347,101,"Firm, The",332.2467021704017
292,3.4257425742574257,101,Outbreak,332.1607646704017
434,3.0346534653465347,101,Cliffhanger,331.8521709204017
912,4.24,100,Casablanca,329.53426551914725
44191,3.885,100,V for Vendetta,329.25473796009214
4022,3.7,100,Cast Away,329.1090686687536
1517,3.535,100,Austin Powers: International Man of Mystery,328.97914740891105
2997,3.9545454545454546,99,Being John Malkovich,326.04086887070497
104,3.4393939393939394,99,Happy Gilmore,325.6361069659431
339,3.4693877551020407,98,While You Were Sleeping,322.3917691851423
750,4.268041237113402,97,Dr. Strangelove or: How I Learned to Stop Worrying and Love the Bomb,319.7485220341418
1617,4.061855670103093,97,L.A. Confidential,319.5872317115612
3114,3.8608247422680413,97,Toy Story 2,319.429973647045
72998,3.6030927835051547,97,Avatar,319.2283607438192
2987,3.5721649484536084,97,Who Framed Roger Rabbit?,319.20416719543215
3949,3.921875,96,Requiem for a Dream,316.2088311380587
1961,3.8072916666666665,96,Rain Man,316.1194002437498
1784,3.6979166666666665,96,As Good as It Gets,316.0340343900912
6365,3.3541666666666665,96,"Matrix Reloaded, The",315.7657417071644
2502,4.090425531914893,94,Office Space,309.80162782187614
59315,3.824468085106383,94,Iron Man,309.59501625162824
4027,3.8085106382978724,94,"O Brother, Where Art Thou?",309.58261955741335
4011,4.155913978494624,93,Snatch,306.5828183763765
8368,3.913978494623656,93,Harry Potter and the Prisoner of Azkaban,306.3953183763765
551,3.553763440860215,93,"Nightmare Before Christmas, The",306.1161517097098
919,3.880434782608696,92,"Wizard of Oz, The",303.1000282146233
2396,3.777173913043478,92,Shakespeare in Love,303.0201962818502
8360,3.5760869565217392,92,Shrek 2,302.86473409697624
2355,3.516304347826087,92,"Bug's Life, A",302.8185156095813
288,3.233695652173913,92,Natural Born Killers,302.6000282146233
5378,3.157608695652174,92,Star Wars: Episode II - Attack of the Clones,302.54120468521154
1917,3.0543478260869565,92,Armageddon,302.4613727524384
1387,4.0054945054945055,91,Jaws,299.92705443705097
1259,4.0054945054945055,91,Stand by Me,299.92705443705097
1356,3.879120879120879,91,Star Trek: First Contact,299.82959680993235
2797,3.71978021978022,91,Big,299.7067154540001
2174,3.4725274725274726,91,Beetlejuice,299.5160374878984
3948,3.4175824175824174,91,Meet the Parents,299.4736646065425
48780,4.0055555555555555,90,"Prestige, The",296.65731113898033
1610,3.8722222222222222,90,"Hunt for Red October, The",296.55474703641625
1080,3.9269662921348316,89,Monty Python's Life of Brian,293.32708876384663
21,3.49438202247191,89,Get Shorty,292.9951922121225
2324,4.1477272727272725,88,Life Is Beautiful,290.2261139444223
68157,4.136363636363637,88,Inglourious Basterds,290.2174182922484
2916,3.653409090909091,88,Total Recall,289.8478530748571
2012,3.3693181818181817,88,Back to the Future Part III,289.63046177050927
19,2.727272727272727,88,Ace Ventura: When Nature Calls,289.1391574226832
5618,4.155172413793103,87,Spirited Away,286.96129670410323
2791,3.8563218390804597,87,Airplane!,286.7332265286646
2011,3.5057471264367814,87,Back to the Future Part II,286.4656826690155
2617,3.1206896551724137,87,"Mummy, The",286.1718230198927
1246,3.9593023255813953,86,Dead Poets Society,283.5415615803876
1653,3.953488372093023,86,Gattaca,283.53713680162656
141,3.494186046511628,86,"Birdcage, The",283.18757927950264
1391,3.0930232558139537,86,Mars Attacks!,282.8822695449894
1307,3.8588235294117648,85,When Harry Met Sally...,280.19490184425604
5218,3.6882352941176473,85,Ice Age,280.06543755854176
1393,3.5941176470588236,85,Jerry Maguire,279.99400898711315
904,4.261904761904762,84,Rear Window,277.22959881249005
32587,3.857142857142857,84,Sin City,276.9232925061837
1220,3.8095238095238093,84,"Blues Brothers, The",276.8872564701477
410,3.1011904761904763,84,Addams Family Values,276.35122043411167
95,3.0238095238095237,84,Broken Arrow,276.2926618755531
1219,4.036144578313253,83,Psycho,273.78787130429953
3897,3.8674698795180724,83,Almost Famous,273.6605985770268
1101,3.3012048192771086,83,Top Gun,273.23332584975407
16,3.926829268292683,82,Casino,270.43458837079214
1584,3.652439024390244,82,Contact,270.2281663524435
788,2.731707317073171,82,"Nutty Professor, The",269.5355058019848
49272,3.9444444444444446,81,Casino Royale,267.17683643533866
48394,3.814814814814815,81,Pan's Labyrinth,267.07961421311643
54286,3.697530864197531,81,"Bourne Ultimatum, The",266.9916512501535
300,3.5185185185185186,81,Quiz Show,266.85739199089426
317,3.2037037037037037,81,"Santa Clause, The",266.6212808797831
442,3.0925925925925926,81,Demolition Man,266.5379475464498
62,3.70625,80,Mr. Holland's Opus,263.7275743109687
2291,3.7,80,Edward Scissorhands,263.72290141377243
51662,3.68125,80,300,263.70888272218366
1676,3.33125,80,Starship Troopers,263.447200479193
1247,4.063291139240507,79,"Graduate, The",260.7228913319582
8636,3.8037974683544302,79,Spider-Man 2,260.52949510554305
3052,3.6455696202531644,79,Dogma,260.4115705772412
6934,3.151898734177215,79,"Matrix Revolutions, The",260.0436460489393
3751,3.551282051282051,78,Chicken Run,257.0707278548411
33493,3.4294871794871793,78,Star Wars: Episode III - Revenge of the Sith,256.9802516643649
8874,4.0064935064935066,77,Shaun of the Dead,254.13702194217223
46578,3.883116883116883,77,Little Miss Sunshine,254.04567578832607
337,3.7662337662337664,77,What's Eating Gilbert Grape,253.9591373267876
1625,3.7012987012987013,77,"Game, The",253.91106040371068
594,3.616883116883117,77,Snow White and the Seven Dwarfs,253.84856040371068
1573,3.3701298701298703,77,Face/Off,253.6658680960184
3623,2.7142857142857144,77,Mission: Impossible II,253.18029117294145
1225,4.184210526315789,76,Amadeus,250.99609760068296
91529,3.9934210526315788,76,"Dark Knight Rises, The",250.8553209016538
2700,3.861842105263158,76,"South Park: Bigger, Longer and Uncut",250.75823352301305
6333,3.723684210526316,76,X2: X-Men United,250.65629177544022
69122,3.6315789473684212,76,"Hangover, The",250.5883306103917
25,3.625,76,Leaving Las Vegas,250.58347624145966
440,3.5460526315789473,76,Dave,250.5252238142752
6016,4.1466666666666665,75,City of God,247.6957817393296
2692,4.0,75,Run Lola Run,247.58793860207467
8665,3.7866666666666666,75,"Bourne Supremacy, The",247.43107585697663
2000,3.6733333333333333,75,Lethal Weapon,247.3477425236433
3481,3.6666666666666665,75,High Fidelity,247.34284056285898
3175,3.58,75,Galaxy Quest,247.2791150726629
6711,4.033783783783784,74,Lost in Translation,244.34025084762106
35836,3.5472972972972974,74,"40-Year-Old Virgin, The",243.9838152040567
368,3.5,74,Maverick,243.94916173871016
1485,3.0337837837837838,74,Liar Liar,243.60757758029433
109487,3.993150684931507,73,Interstellar,241.03784847464678
3994,3.4794520547945207,73,Unbreakable,240.66284847464678
1201,4.145833333333333,72,"Good, the Bad and the Ugly, The",237.87604316137848
50872,3.8680555555555554,72,Ratatouille,237.6740229593583
45722,3.5069444444444446,72,Pirates of the Caribbean: Dead Man's Chest,237.41139669673203
3977,2.7222222222222223,72,Charlie's Angels,236.84068962602495
99114,3.943661971830986,71,Django Unchained,234.45607767495002
1079,3.9225352112676055,71,"Fish Called Wanda, A",234.44077155250105
1028,3.887323943661972,71,Mary Poppins,234.41526134841942
40815,3.816901408450704,71,Harry Potter and the Goblet of Fire,234.36424094025614
63082,3.8098591549295775,71,Slumdog Millionaire,234.3591388994398
6373,3.316901408450704,71,Bruce Almighty,234.00199604229695
4034,3.9,70,Traffic,231.15141097907804
474,3.692857142857143,70,In the Line of Fire,231.00192644299557
235,3.6785714285714284,70,Ed Wood,230.99161716464505
11,3.6714285714285713,70,"American President, The",230.9864625254698
3408,3.5285714285714285,70,Erin Brockovich,230.88336974196463
2985,3.3714285714285714,70,RoboCop,230.76996768010898
1407,3.2,70,Scream,230.64625633990278
923,4.043478260869565,69,Citizen Kane,227.9812711609675
1278,3.9927536231884058,69,Young Frankenstein,227.94481282763417
89745,3.869565217391304,69,"Avengers, The",227.8562711609675
7147,3.8333333333333335,69,Big Fish,227.83022949430085
520,3.130434782608696,69,Robin Hood: Men in Tights,227.3250211609675
4979,3.6838235294117645,68,"Royal Tenenbaums, The",224.44990643781085
3753,3.448529411764706,68,"Patriot, The",224.28148538517928
1370,3.4044117647058822,68,Die Hard 2,224.24990643781086
266,3.3970588235294117,68,Legends of the Fall,224.24464327991612
48,3.1470588235294117,68,Pocahontas,224.06569591149506
1380,3.139705882352941,68,Grease,224.06043275360034
2054,2.7573529411764706,68,"Honey, I Shrunk the Kids",223.78674854307403
2542,4.052238805970149,67,"Lock, Stock & Two Smoking Barrels",221.4394053764683
74458,4.022388059701493,67,Shutter Island,221.41812878072363
4262,3.9328358208955225,67,Scarface,221.35429899348958
36,3.8358208955223883,67,Dead Man Walking,221.28515005731938
17,3.7761194029850746,67,Sense and Sensibility,221.24259686583002
2353,3.4925373134328357,67,Enemy of the State,221.04046920625555
2081,3.425373134328358,67,"Little Mermaid, The",220.99259686583002
1544,2.753731343283582,67,"Lost World: Jurassic Park, The",220.5138734615747
1288,4.015151515151516,66,This Is Spinal Tap,218.13861304129944
508,3.6136363636363638,66,Philadelphia,217.8536668047403
163,3.5606060606060606,66,Desperado,217.81603239613816
6863,3.4015151515151514,66,School of Rock,217.7031291703317
2194,3.9384615384615387,65,"Untouchables, The",214.80980254294042
553,3.8153846153846156,65,Tombstone,214.72284602120126
555,3.8,65,True Romance,214.7119764559839
70286,3.776923076923077,65,District 9,214.6956721081578
56367,3.769230769230769,65,Juno,214.6902373255491
4246,3.623076923076923,65,Bridget Jones's Diary,214.5869764559839
48385,3.3461538461538463,65,Borat: Cultural Learnings of America for Make Benefit Glorious Nation of Kazakhstan,214.39132428207083
653,3.0923076923076924,65,Dragonheart,214.2119764559839
5481,2.8461538461538463,65,Austin Powers in Goldmember,214.03806341250564
1234,3.9765625,64,"Sting, The",211.56194031557172
48774,3.9453125,64,Children of Men,211.5399622935937
1035,3.9375,64,"Sound of Music, The",211.5344677880992
55820,3.8984375,64,No Country for Old Men,211.50699526062667
1954,3.828125,64,Rocky,211.4575447111761
353,3.609375,64,"Crow, The",211.30369855732997
4447,3.15625,64,Legally Blonde,210.98501723864865
786,3.109375,64,Eraser,210.95205020568162
4025,3.0546875,64,Miss Congeniality,210.91358866722007
2710,2.796875,64,"Blair Witch Project, The",210.73226998590138
1090,3.984126984126984,63,Platoon,208.2921690793375
2657,3.3412698412698414,63,"Rocky Horror Picture Show, The",207.8421690793375
5502,3.1666666666666665,63,Signs,207.71994685711527
435,2.4206349206349205,63,Coneheads,207.19772463489306
1304,3.943548387096774,62,Butch Cassidy and the Sundance Kid,204.98851437326476
3671,3.935483870967742,62,Blazing Saddles,204.98289639573665
7143,3.903225806451613,62,"Last Samurai, The",204.9604244856243
1374,3.7661290322580645,62,Star Trek II: The Wrath of Khan,204.86491886764676
3421,3.693548387096774,62,Animal House,204.81435706989396
56174,3.4838709677419355,62,I Am Legend,204.66828965416363
1127,3.475806451612903,62,"Abyss, The",204.66267167663554
3081,3.475806451612903,62,Sleepy Hollow,204.66267167663554
41566,3.443548387096774,62,"Chronicles of Narnia: The Lion, the Witch and the Wardrobe, The",204.64019976652318
158,2.806451612903226,62,Casper,204.19637954180408
173,2.6693548387096775,62,Judge Dredd,204.10087392382655
51255,4.0,61,Hot Fuzz,201.75209380633623
2640,3.6065573770491803,61,Superman,201.47936653360895
3527,3.581967213114754,61,Predator,201.46232107906349
509,3.540983606557377,61,"Piano, The",201.43391198815442
8644,3.4918032786885247,61,"I, Robot",201.39982107906349
2321,3.4836065573770494,61,Pleasantville,201.39413926088167
3253,3.4754098360655736,61,Wayne's World,201.38845744269986
552,3.262295081967213,61,"Three Musketeers, The",201.24073016997258
3717,3.221311475409836,61,Gone in 60 Seconds,201.21232107906349
30793,3.0,61,Charlie and the Chocolate Factory,201.05891198815442
5459,2.959016393442623,61,Men in Black II,201.03050289724533
903,4.025,60,Vertigo,198.49327177415466
3471,3.7416666666666667,60,Close Encounters of the Third Kind,198.29786947530408
596,3.45,60,Pinocchio,198.09672005001673
5299,3.2666666666666666,60,My Big Fat Greek Wedding,197.97028326840754
2006,3.1,60,"Mask of Zorro, The",197.8553407396719
1377,3.025,60,Batman Returns,197.80361660174086
466,2.8666666666666667,60,Hot Shots! Part Deux,197.69442119944202
1252,4.211864406779661,59,Chinatown,195.34498776049026
1199,4.177966101694915,59,Brazil,195.32173194653677
112852,4.0508474576271185,59,Guardians of the Galaxy,195.23452264421118
68358,3.864406779661017,59,Star Trek,195.106615667467
6942,3.788135593220339,59,Love Actually,195.05429008607166
3535,3.788135593220339,59,American Psycho,195.05429008607166
6378,3.6186440677966103,59,"Italian Job, The",194.93801101630422
1500,3.610169491525424,59,Grosse Pointe Blank,194.93219706281585
3033,3.483050847457627,59,Spaceballs,194.84498776049026
33679,3.2796610169491527,59,Mr. & Mrs. Smith,194.70545287676933
2302,3.26271186440678,59,My Cousin Vinny,194.6938249697926
1552,3.0338983050847457,59,Con Air,194.53684822560655
420,2.7203389830508473,59,Beverly Hills Cop III,194.32173194653677
1207,4.120689655172414,58,To Kill a Mockingbird,192.00526075423187
81845,4.043103448275862,58,"King's Speech, The",191.95231957776127
953,4.0344827586206895,58,It's a Wonderful Life,191.9464372248201
1394,3.9913793103448274,58,Raising Arizona,191.91702546011422
6502,3.9741379310344827,58,28 Days Later,191.90526075423188
69844,3.8879310344827585,58,Harry Potter and the Half-Blood Prince,191.8464372248201
1230,3.8706896551724137,58,Annie Hall,191.83467251893777
54001,3.8620689655172415,58,Harry Potter and the Order of the Phoenix,191.82879016599657
73017,3.853448275862069,58,Sherlock Holmes,191.8229078130554
5669,3.7758620689655173,58,Bowling for Columbine,191.7699666365848
34162,3.5086206896551726,58,Wedding Crashers,191.58761369540835
708,3.3879310344827585,58,"Truth About Cats & Dogs, The",191.50526075423187
2167,3.3620689655172415,58,Blade,191.48761369540833
1608,3.3448275862068964,58,Air Force One,191.47584898952599
370,3.060344827586207,58,Naked Gun 33 1/3: The Final Insult,191.28173134246717
1276,4.271929824561403,57,Cool Hand Luke,188.8303487437392
908,4.184210526315789,57,North by Northwest,188.7708249342154
1203,4.149122807017544,57,12 Angry Men,188.74701541040588
80463,3.8859649122807016,57,"Social Network, The",188.56844398183443
2268,3.789473684210526,57,"Few Good Men, A",188.50296779135826
8641,3.7719298245614037,57,Anchorman: The Legend of Ron Burgundy,188.49106302945347
2005,3.5701754385964914,57,"Goonies, The",188.3541582675487
350,3.3859649122807016,57,"Client, The",188.2291582675487
2470,3.175438596491228,57,Crocodile Dundee,188.08630112469157
160,2.8771929824561404,57,Congo,187.88392017231064
1148,4.035714285714286,56,Wallace & Gromit: The Wrong Trousers,185.3924739577749
2529,3.8035714285714284,56,Planet of the Apes,185.23584745175083
1641,3.7589285714285716,56,"Full Monty, The",185.2057269698231
2599,3.6607142857142856,56,Election,185.13946190958214
2395,3.544642857142857,56,Rushmore,185.0611486565701
1302,3.517857142857143,56,Field of Dreams,185.04307636741348
2671,3.455357142857143,56,Notting Hill,185.0009076927147
53125,3.4375,56,Pirates of the Caribbean: At World's End,184.9888594999436
1777,3.419642857142857,56,"Wedding Singer, The",184.9768113071725
4370,3.3392857142857144,56,A.I. Artificial Intelligence,184.92259443970264
78499,4.109090909090909,55,Toy Story 3,182.16372312406565
2804,3.9727272727272727,55,"Christmas Story, A",182.0722597094315
54503,3.8636363636363638,55,Superbad,181.9990889777242
4720,3.6272727272727274,55,"Others, The",181.84055239235835
4308,3.590909090909091,55,Moulin Rouge,181.8161621484559
5956,3.518181818181818,55,Gangs of New York,181.76738166065104
70,3.5090909090909093,55,From Dusk Till Dawn,181.7612840996754
2080,3.4,55,Lady and the Tramp,181.6881133679681
432,2.6454545454545455,55,City Slickers II: The Legend of Curly's Gold,181.1820158069925
106782,3.9166666666666665,54,"Wolf of Wall Street, The",178.75677984578135
122904,3.8333333333333335,54,Deadpool,178.70122429022578
2572,3.5277777777777777,54,10 Things I Hate About You,178.49752058652209
4816,3.509259259259259,54,Zoolander,178.48517490750973
2406,3.4537037037037037,54,Romancing the Stone,178.44813787047272
59784,3.4444444444444446,54,Kung Fu Panda,178.44196503096654
91500,3.435185185185185,54,The Hunger Games,178.43579219146037
7,3.185185185185185,54,Sabrina,178.2691255247937
4018,3.138888888888889,54,What Women Want,178.23826132726282
168,3.0833333333333335,54,First Knight,178.20122429022578
784,2.8055555555555554,54,"Cable Guy, The",178.01603910504062
76093,3.943396226415094,53,How to Train Your Dragon,175.4962119062504
71535,3.8773584905660377,53,Zombieland,175.4524619062504
2947,3.839622641509434,53,Goldfinger,175.4274619062504
2078,3.830188679245283,53,"Jungle Book, The",175.4212119062504
1997,3.80188679245283,53,"Exorcist, The",175.4024619062504
1282,3.7830188679245285,53,Fantasia,175.3899619062504
49530,3.7641509433962264,53,Blood Diamond,175.3774619062504
3911,3.688679245283019,53,Best in Show,175.3274619062504
2712,3.4622641509433962,53,Eyes Wide Shut,175.1774619062504
3489,3.358490566037736,53,Hook,175.1087119062504
485,2.9339622641509435,53,Last Action Hero,174.8274619062504
2699,2.811320754716981,53,Arachnophobia,174.7462119062504
673,2.707547169811321,53,Space Jam,174.6774619062504
172,2.6792452830188678,53,Johnny Mnemonic,174.6587119062504
2701,2.207547169811321,53,Wild Wild West,174.3462119062504
30707,3.8461538461538463,52,Million Dollar Baby,172.1534006474508
3552,3.826923076923077,52,Caddyshack,172.1407424196027
109374,3.7788461538461537,52,"Grand Budapest Hotel, The",172.10909684998245
1466,3.7403846153846154,52,Donnie Brasco,172.08378039428626
3160,3.7115384615384617,52,Magnolia,172.0647930525141
6870,3.7115384615384617,52,Mystic River,172.0647930525141
52973,3.6538461538461537,52,Knocked Up,172.0268183689698
1639,3.576923076923077,52,Chasing Amy,171.9761854575774
225,3.5384615384615383,52,Disclosure,171.9508690018812
45499,3.355769230769231,52,X-Men: The Last Stand,171.83061583732422
3,3.2596153846153846,52,Grumpier Old Men,171.7673246980837
1215,4.03921568627451,51,Army of Darkness,169.0008238904364
4848,3.843137254901961,51,Mulholland Drive,168.8726187622313
4239,3.8137254901960786,51,Blow,168.85338799300052
4776,3.7941176470588234,51,Training Day,168.84056748018
1645,3.411764705882353,51,The Devil's Advocate,168.59056748018
145,3.2450980392156863,51,Bad Boys,168.48159312120563
2100,3.1176470588235294,51,Splash,168.39825978787232
116797,4.02,50,The Imitation Game,165.70823103138056
910,4.01,50,Some Like It Hot,165.70173752488705
34405,3.94,50,Serenity,165.65628297943252
88125,3.91,50,Harry Potter and the Deathly Hallows: Part 2,165.636802459952
33166,3.89,50,Crash,165.62381544696498
5010,3.81,50,Black Hawk Down,165.57186739501694
96079,3.81,50,Skyfall,165.57186739501694
333,3.78,50,Tommy Boy,165.55238687553643
8464,3.51,50,Super Size Me,165.37706220021175
2105,3.34,50,Tron,165.26667258982212
34048,3.15,50,War of the Worlds,165.1432959664455
2424,3.12,50,You've Got Mail,165.12381544696498
8361,3.05,50,"Day After Tomorrow, The",165.07836090151045
3785,2.92,50,Scary Movie,164.99394531709487
5991,3.7244897959183674,49,Chicago,162.23720038204482
2144,3.6020408163265305,49,Sixteen Candles,162.15825301362378
5464,3.520408163265306,49,Road to Perdition,162.1056214346764
661,3.4489795918367347,49,James and the Giant Peach,162.05956880309748
3176,3.336734693877551,49,"Talented Mr. Ripley, The",161.98720038204482
216,3.326530612244898,49,Billy Madison,161.9806214346764
45447,3.122448979591837,49,"Da Vinci Code, The",161.849042487308
5,3.0714285714285716,49,Father of the Bride Part II,161.8161477504659
2641,3.020408163265306,49,Superman II,161.78325301362378
4643,2.7448979591836733,49,Planet of the Apes,161.6056214346764
2019,4.1875,48,Seven Samurai,159.2539277641513
134130,4.0,48,The Martian,159.1339277641513
3000,3.9583333333333335,48,Princess Mononoke,159.10726109748464
745,3.8958333333333335,48,Wallace & Gromit: A Close Shave,159.06726109748465
1748,3.8229166666666665,48,Dark City,159.02059443081797
30749,3.7916666666666665,48,Hotel Rwanda,159.00059443081798
1275,3.7291666666666665,48,Highlander,158.96059443081796
8784,3.7083333333333335,48,Garden State,158.94726109748464
1729,3.6979166666666665,48,Jackie Brown,158.94059443081798
2763,3.6458333333333335,48,"Thomas Crown Affair, The",158.90726109748465
7458,3.4270833333333335,48,Troy,158.76726109748464
2694,3.1979166666666665,48,Big Daddy,158.62059443081796
186,2.8229166666666665,48,Nine Months,158.38059443081798
899,4.074468085106383,47,Singin' in the Rain,155.8998087735693
81834,3.9893617021276597,47,Harry Potter and the Deathly Hallows: Part 1,155.84575471951524
1921,3.851063829787234,47,Pi,155.7579168816774
1358,3.8404255319148937,47,Sling Blade,155.75116012492066
122882,3.8191489361702127,47,Mad Max: Fury Road,155.73764661140714
7293,3.5531914893617023,47,50 First Dates,155.5687276924882
4014,3.521276595744681,47,Chocolat,155.54845742221795
77561,3.5106382978723403,47,Iron Man 2,155.5417006654612
1994,3.425531914893617,47,Poltergeist,155.48764661140714
783,3.3297872340425534,47,"Hunchback of Notre Dame, The",155.42683580059634
8529,3.3191489361702127,47,"Terminal, The",155.42007904383956
5679,3.202127659574468,47,"Ring, The",155.34575471951524
1092,3.1914893617021276,47,Basic Instinct,155.3389979627585
2001,3.1808510638297873,47,Lethal Weapon 2,155.33224120600173
1320,3.148936170212766,47,AlienÂ³,155.31197093573147
2539,3.095744680851064,47,Analyze This,155.2781871519477
1367,3.074468085106383,47,101 Dalmatians,155.26467363843418
2717,3.0,47,Ghostbusters II,155.21737634113688
5995,4.108695652173913,46,"Pianist, The",152.63905520320208
1884,3.967391304347826,46,Fear and Loathing in Las Vegas,152.55001410731165
5902,3.9456521739130435,46,Adaptation,152.53631547717467
64614,3.9456521739130435,46,Gran Torino,152.53631547717467
2076,3.9456521739130435,46,Blue Velvet,152.53631547717467
5060,3.9347826086956523,46,M*A*S*H,152.52946616210616
47099,3.7934782608695654,46,"Pursuit of Happyness, The",152.44042506621577
7254,3.630434782608696,46,The Butterfly Effect,152.33768534018836
54272,3.619565217391304,46,"Simpsons Movie, The",152.33083602511988
112,3.5434782608695654,46,Rumble in the Bronx,152.28289081964041
1396,3.4782608695652173,46,Sneakers,152.24179492922946
4085,3.402173913043478,46,Beverly Hills Cop,152.19384972375002
802,3.3369565217391304,46,Phenomenon,152.15275383333906
3752,3.0869565217391304,46,"Me, Myself & Irene",151.9952195867637
2002,2.9347826086956523,46,Lethal Weapon 3,151.8993291758048
44,2.5434782608695654,46,Mortal Kombat,151.65275383333906
1204,4.3,45,Lawrence of Arabia,149.47555727889187
1250,4.122222222222222,45,"Bridge on the River Kwai, The",149.36444616778076
1266,4.111111111111111,45,Unforgiven,149.35750172333633
2288,3.933333333333333,45,"Thing, The",149.2463906122252
1183,3.7111111111111112,45,"English Patient, The",149.10750172333633
2890,3.7111111111111112,45,Three Kings,149.10750172333633
4571,3.7,45,Bill & Ted's Excellent Adventure,149.10055727889187
920,3.6444444444444444,45,Gone with the Wind,149.06583505666964
1907,3.566666666666667,45,Mulan,149.01722394555853
236,3.477777777777778,45,French Kiss,148.96166839000298
3255,3.466666666666667,45,"League of Their Own, A",148.95472394555853
2490,3.422222222222222,45,Payback,148.92694616778076
616,3.411111111111111,45,"Aristocats, The",148.92000172333633
2023,3.3555555555555556,45,"Godfather: Part III, The",148.8852795011141
2294,3.2444444444444445,45,Antz,148.81583505666964
31685,3.1666666666666665,45,Hitch,148.76722394555853
4270,3.088888888888889,45,"Mummy Returns, The",148.7186128344474
4718,3.066666666666667,45,American Pie 2,148.70472394555853
4369,3.066666666666667,45,"Fast and the Furious, The",148.70472394555853
1722,3.066666666666667,45,Tomorrow Never Dies,148.70472394555853
3863,3.0444444444444443,45,"Cell, The",148.69083505666964
6537,3.0444444444444443,45,Terminator 3: Rise of the Machines,148.69083505666964
1371,3.0444444444444443,45,Star Trek: The Motion Picture,148.69083505666964
1690,2.922222222222222,45,Alien: Resurrection,148.61444616778076
196,2.6666666666666665,45,Species,148.45472394555853
913,4.170454545454546,44,"Maltese Falcon, The",146.11060749272556
111759,3.977272727272727,44,Edge of Tomorrow,145.9908891828664
5903,3.875,44,Equilibrium,145.92750890117625
3499,3.840909090909091,44,Misery,145.90638214061286
8798,3.7613636363636362,44,Collateral,145.857086365965
5377,3.715909090909091,44,About a Boy,145.82891735188048
79702,3.7045454545454546,44,Scott Pilgrim vs. the World,145.82187509835936
46976,3.6931818181818183,44,Stranger than Fiction,145.81483284483824
1333,3.602272727272727,44,"Birds, The",145.7584948166692
151,3.5454545454545454,44,Rob Roy,145.72328354906358
37729,3.534090909090909,44,Corpse Bride,145.71624129554246
2085,3.4318181818181817,44,101 Dalmatians,145.65286101385232
4975,3.4204545454545454,44,Vanilla Sky,145.6458187603312
33004,3.4204545454545454,44,"Hitchhiker's Guide to the Galaxy, The",145.6458187603312
3755,3.1704545454545454,44,"Perfect Storm, The",145.4908891828664
52722,3.0,44,Spider-Man 3,145.3852553800495
849,2.9204545454545454,44,Escape from L.A.,145.3359596054016
3275,4.22093023255814,43,"Boondock Saints, The",142.85700076490937
1262,4.127906976744186,43,"Great Escape, The",142.7998579077665
60684,3.988372093023256,43,Watchmen,142.7141436220522
3363,3.8488372093023258,43,American Graffiti,142.62842933633794
1263,3.8255813953488373,43,"Deer Hunter, The",142.6141436220522
497,3.813953488372093,43,Much Ado About Nothing,142.60700076490937
134853,3.813953488372093,43,Inside Out,142.60700076490937
3448,3.802325581395349,43,"Good Morning, Vietnam",142.5998579077665
87232,3.7906976744186047,43,X-Men: First Class,142.59271505062364
47610,3.7790697674418605,43,"Illusionist, The",142.5855721934808
76251,3.6511627906976742,43,Kick-Ass,142.50700076490935
2161,3.5813953488372094,43,"NeverEnding Story, The",142.4641436220522
2278,3.5232558139534884,43,Ronin,142.42842933633793
1376,3.4767441860465116,43,Star Trek IV: The Voyage Home,142.3998579077665
252,3.453488372093023,43,I.Q.,142.38557219348078
2455,3.383720930232558,43,"Fly, The",142.34271505062364
8984,3.2906976744186047,43,Ocean's Twelve,142.2855721934808
2407,3.2674418604651163,43,Cocoon,142.27128647919508
852,3.1744186046511627,43,Tin Cup,142.2141436220522
3624,3.1511627906976742,43,Shanghai Noon,142.1998579077665
1876,3.0697674418604652,43,Deep Impact,142.1498579077665
2605,2.988372093023256,43,Entrapment,142.0998579077665
4310,2.9651162790697674,43,Pearl Harbor,142.0855721934808
1597,2.941860465116279,43,Conspiracy Theory,142.07128647919507
441,3.9285714285714284,42,Dazed and Confused,139.3934911414585
261,3.880952380952381,42,Little Women,139.36450563421212
1967,3.8214285714285716,42,Labyrinth,139.32827375015415
431,3.738095238095238,42,Carlito's Way,139.277549112473
69757,3.6666666666666665,42,,139.2340708516034
81591,3.630952380952381,42,Black Swan,139.21233172116862
59369,3.619047619047619,42,Taken,139.20508534435703
3301,3.5238095238095237,42,"Whole Nine Yards, The",139.14711432986428
1022,3.488095238095238,42,Cinderella,139.1253751994295
91658,3.488095238095238,42,"Girl with the Dragon Tattoo, The",139.1253751994295
3210,3.4761904761904763,42,Fast Times at Ridgemont High,139.1181288226179
1909,3.4404761904761907,42,"X-Files: Fight the Future, The",139.09638969218312
2915,3.4404761904761907,42,Risky Business,139.09638969218312
1094,3.4404761904761907,42,"Crying Game, The",139.09638969218312
3868,3.4047619047619047,42,"Naked Gun: From the Files of Police Squad!, The",139.07465056174834
785,3.369047619047619,42,Kingpin,139.05291143131356
1088,3.369047619047619,42,Dirty Dancing,139.05291143131356
1372,3.3452380952380953,42,Star Trek VI: The Undiscovered Country,139.03841867769037
1042,3.2738095238095237,42,That Thing You Do!,138.9949404168208
2273,3.261904761904762,42,Rush Hour,138.98769404000922
1375,3.261904761904762,42,Star Trek III: The Search for Spock,138.98769404000922
2724,2.8333333333333335,42,Runaway Bride,138.7268244747918
355,2.357142857142857,42,"Flintstones, The",138.43696940232806
1562,2.2142857142857144,42,Batman & Robin,138.35001288058893
1242,4.170731707317073,41,Glory,136.25493584756552
57669,4.158536585365853,41,In Bruges,136.24758290638906
55247,3.902439024390244,41,Into the Wild,136.09317114168317
122886,3.8536585365853657,41,Star Wars: Episode VII - The Force Awakens,136.0637593769773
115617,3.8536585365853657,41,Big Hero 6,136.0637593769773
3916,3.7439024390243905,41,Remember the Titans,135.99758290638906
2968,3.731707317073171,41,Time Bandits,135.9902299652126
1285,3.731707317073171,41,Heathers,135.9902299652126
2087,3.573170731707317,41,Peter Pan,135.89464172991848
3418,3.4634146341463414,41,Thelma & Louise,135.82846525933024
7373,3.3780487804878048,41,Hellboy,135.77699467109494
2003,3.3780487804878048,41,Gremlins,135.77699467109494
45517,3.3780487804878048,41,Cars,135.77699467109494
494,3.3780487804878048,41,Executive Decision,135.77699467109494
4299,3.341463414634146,41,"Knight's Tale, A",135.75493584756552
543,3.317073170731707,41,So I Married an Axe Murderer,135.7402299652126
5810,3.292682926829268,41,8 Mile,135.72552408285966
3617,3.0853658536585367,41,Road Trip,135.60052408285966
762,2.4146341463414633,41,Striptease,135.19611231815378
1233,4.2125,40,"Boot, Das",132.99319850992708
1228,4.1875,40,Raging Bull,132.97827313679275
31658,4.075,40,Howl's Moving Castle,132.91110895768827
3703,4.0375,40,"Road Warrior, The",132.8887208979868
6807,3.95,40,Monty Python's The Meaning of Life,132.83648209201664
529,3.875,40,Searching for Bobby Fischer,132.79170597261364
98809,3.8125,40,"Hobbit: An Unexpected Journey, The",132.75439253977783
44199,3.8,40,Inside Man,132.74692985321067
1674,3.65,40,Witness,132.65737761440468
224,3.6125,40,Don Juan DeMarco,132.6349895547032
471,3.55,40,"Hudsucker Proxy, The",132.59767612186738
4223,3.5125,40,Enemy at the Gates,132.5752880621659
1569,3.5,40,My Best Friend's Wedding,132.56782537559872
41569,3.4,40,King Kong,132.50812388306142
1032,3.375,40,Alice in Wonderland,132.49319850992708
33615,3.375,40,Madagascar,132.49319850992708
2193,3.3375,40,Willow,132.4708104502256
282,3.3375,40,Nell,132.4708104502256
6218,3.3,40,Bend It Like Beckham,132.4484223905241
376,3.25,40,"River Wild, The",132.41857164425545
2541,3.225,40,Cruel Intentions,132.40364627112112
4367,2.9,40,Lara Croft: Tomb Raider,132.20961642037483
27773,4.089743589743589,39,Old Boy,129.6329829750396
1673,4.076923076923077,39,Boogie Nights,129.62540721746385
2761,4.051282051282051,39,"Iron Giant, The",129.61025570231234
2580,3.9615384615384617,39,Go,129.55722539928203
2951,3.9358974358974357,39,"Fistful of Dollars, A",129.5420738841305
2248,3.923076923076923,39,Say Anything...,129.53449812655475
1953,3.871794871794872,39,"French Connection, The",129.50419509625172
1408,3.8333333333333335,39,"Last of the Mohicans, The",129.48146782352444
58998,3.769230769230769,39,Forgetting Sarah Marshall,129.44358903564566
7451,3.7564102564102564,39,Mean Girls,129.4360132780699
40819,3.7564102564102564,39,Walk the Line,129.4360132780699
1274,3.7435897435897436,39,Akira,129.42843752049416
8949,3.7435897435897436,39,Sideways,129.42843752049416
3039,3.730769230769231,39,Trading Places,129.4208617629184
6936,3.6923076923076925,39,Elf,129.39813449019113
3300,3.5641025641025643,39,Pitch Black,129.32237691443353
2908,3.551282051282051,39,Boys Don't Cry,129.31480115685778
8528,3.551282051282051,39,Dodgeball: A True Underdog Story,129.31480115685778
6188,3.5128205128205128,39,Old School,129.2920738841305
3174,3.4871794871794872,39,Man on the Moon,129.276922368979
61323,3.4871794871794872,39,Burn After Reading,129.276922368979
1129,3.448717948717949,39,Escape from New York,129.25419509625172
53996,3.3461538461538463,39,Transformers,129.19358903564566
2746,3.3333333333333335,39,Little Shop of Horrors,129.1860132780699
3082,3.3333333333333335,39,"World Is Not Enough, The",129.1860132780699
2094,3.2564102564102564,39,"Rocketeer, The",129.14055873261537
2723,3.08974358974359,39,Mystery Men,129.0420738841305
4148,2.9358974358974357,39,Hannibal,128.95116479322144
59615,2.8333333333333335,39,Indiana Jones and the Kingdom of the Crystal Skull,128.89055873261537
3826,2.2948717948717947,39,Hollow Man,128.57237691443353
112552,4.0394736842105265,38,Whiplash,126.31589794149158
29,4.0131578947368425,38,"City of Lost Children, The",126.30051332610697
8950,3.986842105263158,38,The Machinist,126.28512871072236
2289,3.9473684210526314,38,"Player, The",126.26205178764543
3362,3.9342105263157894,38,Dog Day Afternoon,126.25435947995312
7090,3.9210526315789473,38,Hero,126.24666717226081
44665,3.8552631578947367,38,Lucky Number Slevin,126.20820563379928
91542,3.763157894736842,38,Sherlock Holmes: A Game of Shadows,126.15435947995313
51540,3.710526315789474,38,Zodiac,126.12359024918389
79091,3.6842105263157894,38,Despicable Me,126.10820563379929
2420,3.5657894736842106,38,"Karate Kid, The",126.03897486456852
8533,3.5657894736842106,38,"Notebook, The",126.03897486456852
3702,3.486842105263158,38,Mad Max,125.99282101841466
2018,3.3684210526315788,38,Bambi,125.92359024918389
2124,3.289473684210526,38,"Addams Family, The",125.87743640303005
8972,3.263157894736842,38,National Treasure,125.86205178764543
277,3.223684210526316,38,Miracle on 34th Street,125.83897486456851
31,3.1842105263157894,38,Dangerous Minds,125.81589794149158
315,3.0789473684210527,38,"Specialist, The",125.75435947995312
2770,2.960526315789474,38,Bowfinger,125.68512871072235
92259,4.108108108108108,37,Intouchables,123.0674026515333
58,4.027027027027027,37,"Postman, The",123.0205276515333
5971,3.9594594594594597,37,My Neighbor Totoro,122.9814651515333
55765,3.9054054054054053,37,American Gangster,122.9502151515333
3967,3.8513513513513513,37,Billy Elliot,122.9189651515333
4016,3.7162162162162162,37,"Emperor's New Groove, The",122.8408401515333
112556,3.7162162162162162,37,Gone Girl,122.8408401515333
64957,3.5945945945945947,37,"Curious Case of Benjamin Button, The",122.7705276515333
30810,3.4864864864864864,37,"Life Aquatic with Steve Zissou, The",122.7080276515333
8622,3.4864864864864864,37,Fahrenheit 9/11,122.7080276515333
2021,3.4324324324324325,37,Dune,122.6767776515333
1093,3.4054054054054053,37,"Doors, The",122.6611526515333
832,3.3378378378378377,37,Ransom,122.6220901515333
8376,3.324324324324324,37,Napoleon Dynamite,122.6142776515333
1020,3.081081081081081,37,Cool Runnings,122.4736526515333
5266,3.0,37,Panic Room,122.4267776515333
455,2.391891891891892,37,Free Willy,122.0752151515333
44195,4.027777777777778,36,Thank You for Smoking,119.73203312470079
119145,3.986111111111111,36,Kingsman: The Secret Service,119.70822360089126
2231,3.861111111111111,36,Rounders,119.63679502946269
902,3.8472222222222223,36,Breakfast at Tiffany's,119.62885852152618
3108,3.8055555555555554,36,"Fisher King, The",119.60504899771666
2948,3.75,36,From Russia with Love,119.57330296597063
1059,3.7222222222222223,36,William Shakespeare's Romeo + Juliet,119.55742995009761
1060,3.6944444444444446,36,Swingers,119.5415569342246
6947,3.638888888888889,36,Master and Commander: The Far Side of the World,119.50981090247856
345,3.5972222222222223,36,"Adventures of Priscilla, Queen of the Desert, The",119.48600137866904
3034,3.513888888888889,36,Robin Hood,119.43838233105
3510,3.4166666666666665,36,Frequency,119.38282677549444
180,3.4027777777777777,36,Mallrats,119.37489026755793
1345,3.3472222222222223,36,Carrie,119.3431442358119
22,3.2222222222222223,36,Copycat,119.27171566438332
3101,3.0972222222222223,36,Fatal Attraction,119.20028709295475
3247,3.0277777777777777,36,Sister Act,119.16060455327222
2581,2.9583333333333335,36,Never Been Kissed,119.12092201358968
4638,2.8472222222222223,36,Jurassic Park III,119.05742995009761
34150,2.763888888888889,36,Fantastic Four,119.00981090247856
585,2.736111111111111,36,"Brady Bunch Movie, The",118.99393788660555
38061,4.071428571428571,35,Kiss Kiss Bang Bang,116.46687609146785
1084,4.071428571428571,35,Bonnie and Clyde,116.46687609146785
1249,4.071428571428571,35,"Femme Nikita, La",116.46687609146785
914,4.042857142857143,35,My Fair Lady,116.45074705920979
36529,3.7142857142857144,35,Lord of War,116.26526318824205
66097,3.7,35,Coraline,116.25719867211302
3361,3.6714285714285713,35,Bull Durham,116.24106963985496
805,3.657142857142857,35,"Time to Kill, A",116.23300512372592
628,3.642857142857143,35,Primal Fear,116.22494060759689
7445,3.6285714285714286,35,Man on Fire,116.21687609146785
30812,3.5285714285714285,35,"Aviator, The",116.16042447856464
31696,3.4714285714285715,35,Constantine,116.1281664140485
63113,3.4571428571428573,35,Quantum of Solace,116.12010189791947
1029,3.3857142857142857,35,Dumbo,116.0797793172743
2427,3.3,35,"Thin Red Line, The",116.03139222050011
3809,3.2714285714285714,35,What About Bob?,116.01526318824205
170,3.2285714285714286,35,Hackers,115.99106963985496
60040,3.1714285714285713,35,"Incredible Hulk, The",115.95881157533883
3409,2.9285714285714284,35,Final Destination,115.82171480114528
719,2.842857142857143,35,Multiplicity,115.77332770437108
256,2.8285714285714287,35,Junior,115.76526318824205
193,2.4714285714285715,35,Showgirls,115.56365028501624
1172,4.161764705882353,34,Cinema Paradiso,113.22620429742139
44555,4.117647058823529,34,"Lives of Others, The",113.20161413348696
69481,4.0588235294117645,34,"Hurt Locker, The",113.16882724824106
1261,4.044117647058823,34,Evil Dead II,113.16063052692958
969,3.9705882352941178,34,"African Queen, The",113.1196469203722
1287,3.9411764705882355,34,Ben-Hur,113.10325347774926
1663,3.7941176470588234,34,Stripes,113.0212862646345
64839,3.735294117647059,34,"Wrestler, The",112.9884993793886
6708,3.7205882352941178,34,Matchstick Men,112.98030265807712
64969,3.6176470588235294,34,Yes Man,112.9229256088968
85414,3.6029411764705883,34,Source Code,112.91472888758533
1947,3.6029411764705883,34,West Side Story,112.91472888758533
54259,3.6029411764705883,34,Stardust,112.91472888758533
39183,3.5588235294117645,34,Brokeback Mountain,112.89013872365089
45720,3.5588235294117645,34,"Devil Wears Prada, The",112.89013872365089
2140,3.5441176470588234,34,"Dark Crystal, The",112.88194200233943
362,3.5294117647058822,34,"Jungle Book, The",112.87374528102795
86332,3.514705882352941,34,Thor,112.86554855971647
4641,3.5,34,Ghost World,112.857351838405
524,3.485294117647059,34,Rudy,112.84915511709352
8807,3.4558823529411766,34,Harold and Kumar Go to White Castle,112.83276167447058
60,3.235294117647059,34,"Indian in the Cupboard, The",112.70981085479843
3698,3.2205882352941178,34,"Running Man, The",112.70161413348697
5254,3.2058823529411766,34,Blade II,112.69341741217549
4734,3.161764705882353,34,Jay and Silent Bob Strike Back,112.66882724824106
4344,3.1029411764705883,34,Swordfish,112.63604036299516
6287,3.0588235294117645,34,Anger Management,112.61145019906073
327,2.823529411764706,34,Tank Girl,112.48030265807712
3882,2.6911764705882355,34,Bring It On,112.40653216627385
3681,4.151515151515151,33,For a Few Dollars More,109.92790867118735
1272,4.121212121212121,33,Patton,109.91124200452069
1244,4.106060606060606,33,Manhattan,109.90290867118736
2300,3.9696969696969697,33,"Producers, The",109.82790867118736
265,3.9393939393939394,33,Like Water for Chocolate,109.8112420045207
2949,3.712121212121212,33,Dr. No,109.6862420045207
5673,3.621212121212121,33,Punch-Drunk Love,109.63624200452068
3396,3.590909090909091,33,"Muppet Movie, The",109.61957533785402
610,3.5454545454545454,33,Heavy Metal,109.59457533785402
6754,3.5,33,Underworld,109.56957533785402
61132,3.5,33,Tropic Thunder,109.56957533785402
53322,3.484848484848485,33,Ocean's Thirteen,109.5612420045207
4874,3.484848484848485,33,K-PAX,109.5612420045207
3555,3.4242424242424243,33,U-571,109.52790867118736
1047,3.3181818181818183,33,"Long Kiss Goodnight, The",109.46957533785402
5388,3.303030303030303,33,Insomnia,109.46124200452068
837,3.272727272727273,33,Matilda,109.44457533785402
342,3.272727272727273,33,Muriel's Wedding,109.44457533785402
2145,3.242424242424242,33,Pretty in Pink,109.42790867118735
8957,3.1818181818181817,33,Saw,109.39457533785402
2393,3.1515151515151514,33,Star Trek: Insurrection,109.37790867118736
30825,3.106060606060606,33,Meet the Fockers,109.35290867118735
637,3.0454545454545454,33,Sgt. Bilko,109.31957533785402
3988,3.0454545454545454,33,How the Grinch Stole Christmas,109.31957533785402
1918,2.8484848484848486,33,Lethal Weapon 4,109.21124200452068
4015,2.727272727272727,33,"Dude, Where's My Car?",109.14457533785402
6534,2.5606060606060606,33,Hulk,109.05290867118735
1882,1.9545454545454546,33,Godzilla,108.71957533785402
2160,4.171875,32,Rosemary's Baby,106.64533037384099
2944,3.96875,32,"Dirty Dozen, The",106.53516088231557
68237,3.96875,32,Moon,106.53516088231557
152081,3.890625,32,Zootopia,106.49278800095964
1912,3.859375,32,Out of Sight,106.47583884841725
5064,3.828125,32,The Count of Monte Cristo,106.45888969587489
88129,3.765625,32,Drive,106.42499139079014
72011,3.71875,32,Up in the Air,106.39956766197658
96610,3.640625,32,Looper,106.35719478062065
8970,3.609375,32,Finding Neverland,106.34024562807828
104841,3.578125,32,Gravity,106.3232964755359
102125,3.5625,32,Iron Man 3,106.31482189926471
88140,3.546875,32,Captain America: The First Avenger,106.30634732299353
8917,3.46875,32,Team America: World Police,106.2639744416376
4361,3.421875,32,Tootsie,106.23855071282404
53972,3.40625,32,Live Free or Die Hard,106.23007613655285
45,3.3125,32,To Die For,106.17922867892574
6281,3.140625,32,Phone Booth,106.08600833994268
3285,3.0625,32,"Beach, The",106.04363545858675
303,2.953125,32,"Quick and the Dead, The",105.98431342468845
3257,2.859375,32,"Bodyguard, The",105.93346596706132
6541,2.625,32,"League of Extraordinary Gentlemen, The",105.80634732299353
1911,2.609375,32,Dr. Dolittle,105.79787274672235
6157,2.5,32,Daredevil,105.73855071282404
1644,2.109375,32,I Know What You Did Last Summer,105.52668630604438
88163,3.9838709677419355,31,"Crazy, Stupid, Love.",103.24997202584198
139385,3.903225806451613,31,The Revenant,103.20686857756613
108932,3.870967741935484,31,The Lego Movie,103.18962719825578
2064,3.838709677419355,31,Roger & Me,103.17238581894543
272,3.7580645161290325,31,"Madness of King George, The",103.12928237066957
3006,3.7419354838709675,31,"Insider, The",103.1206616810144
110102,3.7419354838709675,31,Captain America: The Winter Soldier,103.1206616810144
61024,3.6774193548387095,31,Pineapple Express,103.08617892239371
72641,3.6774193548387095,31,"Blind Side, The",103.08617892239371
97938,3.629032258064516,31,Life of Pi,103.06031685342819
3256,3.5161290322580645,31,Patriot Games,102.99997202584198
46723,3.5,31,Babel,102.99135133618681
3386,3.5,31,JFK,102.99135133618681
1566,3.4516129032258065,31,Hercules,102.96548926722129
5630,3.435483870967742,31,Red Dragon,102.95686857756613
4321,3.370967741935484,31,City Slickers,102.92238581894543
4701,3.370967741935484,31,Rush Hour 2,102.92238581894543
34319,3.3548387096774195,31,"Island, The",102.91376512929025
4446,3.3548387096774195,31,Final Fantasy: The Spirits Within,102.91376512929025
1747,3.338709677419355,31,Wag the Dog,102.90514443963508
1587,3.2580645161290325,31,Conan the Barbarian,102.86204099135922
724,3.032258064516129,31,"Craft, The",102.74135133618681
4890,3.032258064516129,31,Shallow Hal,102.74135133618681
1805,3.0161290322580645,31,Wild Things,102.73273064653164
135,2.9516129032258065,31,Down Periscope,102.69824788791095
1405,2.935483870967742,31,Beavis and Butt-Head Do America,102.68962719825578
1717,2.9193548387096775,31,Scream 2,102.6810065086006
65,2.532258064516129,31,Bio-Dome,102.47410995687646
2953,2.5161290322580645,31,Home Alone 2: Lost in New York,102.46548926722129
1267,4.25,30,"Manchurian Candidate, The",100.09554695785774
84152,3.95,30,Limitless,99.93765222101563
7022,3.933333333333333,30,Battle Royale,99.92888029119106
838,3.9166666666666665,30,Emma,99.9201083613665
2871,3.9,30,Deliverance,99.91133643154194
111362,3.8333333333333335,30,X-Men: Days of Future Past,99.8762487122437
915,3.7666666666666666,30,Sabrina,99.84116099294545
2501,3.75,30,October Sky,99.83238906312089
97921,3.716666666666667,30,Silver Linings Playbook,99.81484520347176
56757,3.716666666666667,30,Sweeney Todd: The Demon Barber of Fleet Street,99.81484520347176
38038,3.6333333333333333,30,Wallace & Gromit in The Curse of the Were-Rabbit,99.77098555434895
348,3.5833333333333335,30,Bullets Over Broadway,99.74466976487527
2423,3.566666666666667,30,Christmas Vacation,99.73589783505071
2403,3.55,30,First Blood,99.72712590522615
1271,3.5,30,Fried Green Tomatoes,99.70081011575246
95167,3.466666666666667,30,Brave,99.68326625610334
2058,3.35,30,"Negotiator, The",99.6218627473314
95510,3.25,30,"Amazing Spider-Man, The",99.56923116838405
1479,3.216666666666667,30,"Saint, The",99.55168730873493
5219,3.0833333333333335,30,Resident Evil,99.48151187013843
204,2.716666666666667,30,Under Siege 2: Dark Territory,99.28852941399808
1373,2.6666666666666665,30,Star Trek V: The Final Frontier,99.26221362452439
898,4.310344827586207,29,"Philadelphia Story, The",96.82889088131762
246,4.293103448275862,29,Hoop Dreams,96.81996230988905
1269,3.8793103448275863,29,Arsenic and Old Lace,96.60567659560333
115149,3.8448275862068964,29,John Wick,96.58781945274619
5444,3.810344827586207,29,Lilo & Stitch,96.56996230988905
94959,3.7758620689655173,29,Moonrise Kingdom,96.5521051670319
1061,3.6724137931034484,29,Sleepers,96.49853373846047
106696,3.6206896551724137,29,Frozen,96.47174802417476
3168,3.603448275862069,29,Easy Rider,96.46281945274619
1339,3.4655172413793105,29,Dracula,96.39139088131762
3745,3.413793103448276,29,Titan A.E.,96.3646051670319
647,3.3275862068965516,29,Courage Under Fire,96.31996230988905
3450,3.293103448275862,29,Grumpy Old Men,96.3021051670319
6155,3.2758620689655173,29,How to Lose a Guy in 10 Days,96.29317659560333
60074,3.0344827586206895,29,Hancock,96.16817659560333
1513,2.9655172413793105,29,Romy and Michele's High School Reunion,96.13246230988905
2485,2.8448275862068964,29,She's All That,96.06996230988905
2384,2.7758620689655173,29,Babe: Pig in the City,96.03424802417476
2722,2.7758620689655173,29,Deep Blue Sea,96.03424802417476
2421,2.7758620689655173,29,"Karate Kid, Part II, The",96.03424802417476
3825,2.7413793103448274,29,Coyote Ugly,96.01639088131762
2411,2.706896551724138,29,Rocky IV,95.99853373846047
3273,2.6724137931034484,29,Scream 3,95.98067659560333
743,2.5172413793103448,29,Spy Hard,95.90031945274619
1831,2.4482758620689653,29,Lost in Space,95.8646051670319
56782,4.142857142857143,28,There Will Be Blood,93.44388210484584
1223,4.089285714285714,28,"Grand Day Out with Wallace and Gromit, A",93.41660937757311
2788,4.053571428571429,28,Monty Python's And Now for Something Completely Different,93.3984275593913
1299,4.017857142857143,28,"Killing Fields, The",93.38024574120948
97304,3.982142857142857,28,Argo,93.36206392302766
115713,3.9107142857142856,28,Ex Machina,93.32570028666402
2150,3.892857142857143,28,"Gods Must Be Crazy, The",93.31660937757312
3740,3.857142857142857,28,Big Trouble in Little China,93.2984275593913
82459,3.75,28,True Grit,93.24388210484584
968,3.75,28,Night of the Living Dead,93.24388210484584
1077,3.75,28,Sleeper,93.24388210484584
4019,3.7142857142857144,28,Finding Forrester,93.22570028666402
45186,3.5892857142857144,28,Mission: Impossible III,93.16206392302766
60756,3.5535714285714284,28,Step Brothers,93.14388210484584
3186,3.4642857142857144,28,"Girl, Interrupted",93.0984275593913
52,3.4642857142857144,28,Mighty Aphrodite,93.0984275593913
2243,3.4285714285714284,28,Broadcast News,93.08024574120948
46970,3.25,28,Talladega Nights: The Ballad of Ricky Bobby,92.98933665030039
198,3.25,28,Strange Days,92.98933665030039
2335,3.1785714285714284,28,"Waterboy, The",92.95297301393676
24,3.125,28,Powder,92.92570028666402
5620,3.0535714285714284,28,Sweet Home Alabama,92.88933665030038
1027,3.017857142857143,28,Robin Hood: Prince of Thieves,92.87115483211856
273,2.9464285714285716,28,Mary Shelley's Frankenstein,92.83479119575493
4232,2.9464285714285716,28,Spy Kids,92.83479119575493
74789,2.875,28,Alice in Wonderland,92.7984275593913
922,4.333333333333333,27,Sunset Blvd.,90.23950103400179
741,4.148148148148148,27,Ghost in the Shell,90.1469084414092
720,4.092592592592593,27,Wallace & Gromit: The Best of Aardman Animation,90.11913066363141
3424,4.037037037037037,27,Do the Right Thing,90.09135288585364
6787,4.018518518518518,27,All the President's Men,90.08209362659437
909,3.962962962962963,27,"Apartment, The",90.0543158488166
166528,3.925925925925926,27,Rogue One: A Star Wars Story,90.03579733029808
122918,3.925925925925926,27,Guardians of the Galaxy 2,90.03579733029808
4002,3.8518518518518516,27,"Planes, Trains & Automobiles",89.99876029326104
1293,3.8333333333333335,27,Gandhi,89.98950103400179
8873,3.7962962962962963,27,"Motorcycle Diaries, The",89.97098251548327
80549,3.7962962962962963,27,Easy A,89.97098251548327
122900,3.7222222222222223,27,Ant-Man,89.93394547844623
1982,3.7222222222222223,27,Halloween,89.93394547844623
5013,3.7037037037037037,27,Gosford Park,89.92468621918697
1257,3.685185185185185,27,Better Off Dead...,89.91542695992771
102445,3.685185185185185,27,Star Trek Into Darkness,89.91542695992771
1179,3.6296296296296298,27,"Grifters, The",89.88764918214993
3252,3.5925925925925926,27,Scent of a Woman,89.86913066363141
40629,3.5555555555555554,27,Pride & Prejudice,89.85061214511289
3072,3.5555555555555554,27,Moonstruck,89.85061214511289
1120,3.537037037037037,27,"People vs. Larry Flynt, The",89.84135288585364
122892,3.5185185185185186,27,Avengers: Age of Ultron,89.83209362659437
37733,3.5,27,"History of Violence, A",89.82283436733512
4901,3.4814814814814814,27,Spy Game,89.81357510807587
88744,3.462962962962963,27,Rise of the Planet of the Apes,89.8043158488166
52281,3.425925925925926,27,Grindhouse,89.78579733029808
2232,3.425925925925926,27,Cube,89.78579733029808
2431,3.3703703703703702,27,Patch Adams,89.75801955252031
2109,3.3703703703703702,27,"Jerk, The",89.75801955252031
57368,3.3518518518518516,27,Cloverfield,89.74876029326104
3254,3.2962962962962963,27,Wayne's World 2,89.72098251548327
94864,3.2962962962962963,27,Prometheus,89.72098251548327
3968,3.074074074074074,27,Bedazzled,89.60987140437216
4700,3.037037037037037,27,"Princess Diaries, The",89.59135288585364
4343,3.037037037037037,27,Evolution,89.59135288585364
1347,3.0,27,"Nightmare on Elm Street, A",89.57283436733512
5872,2.925925925925926,27,Die Another Day,89.53579733029808
3269,2.8518518518518516,27,Forever Young,89.49876029326104
880,2.740740740740741,27,"Island of Dr. Moreau, The",89.44320473770549
6503,2.3703703703703702,27,Charlie's Angels: Full Throttle,89.25801955252031
1021,2.3333333333333335,27,Angels in the Outfield,89.23950103400179
1499,1.9259259259259258,27,Anaconda,89.03579733029808
